x1,x2,y
-1.2546,1.4203,1.4045
4.5071,-4.1586,-4.4510
2.3199,-3.3837,-6.1703
0.9866,3.9855,12.7747
-3.4398,1.0643,-4.5247
-3.4401,-4.9080,-22.6693
-4.4192,-3.9853,-21.7457
3.6618,1.6350,11.5262
1.0112,-4.9494,-14.2350
2.0807,-3.3919,-5.9681
-4.7942,0.4873,-9.6293
4.6991,1.9190,13.5480
3.3244,1.5196,10.7867
-2.8766,-2.7573,-14.6293
-3.1818,2.1218,-0.6861
-3.1660,-2.6275,-14.9003
-1.9576,-1.7460,-10.1593
0.2476,2.4649,6.4412
-0.6805,1.4963,2.1658
-2.0877,3.4922,4.9627
1.1185,1.5761,6.4530
-3.6051,0.6831,-6.2344
-2.0786,-4.0633,-17.7596
-1.3364,-1.3228,-7.8020
-0.4393,-2.3480,-8.7161
2.8518,-2.5601,-3.2587
-3.0033,4.7301,6.7727
0.1423,-1.0690,-3.8005
0.9241,3.9205,12.7322
-4.5355,1.3114,-6.3903
1.0754,2.9481,9.7597
-3.2948,0.0264,-7.3944
-4.3495,0.7690,-8.1159
4.4889,-0.0748,7.0495
4.6563,-3.0476,-1.1893
3.0840,2.2245,11.7348
-1.9539,-2.1923,-11.3291
-4.0233,-4.7568,-22.5794
1.8423,1.4547,7.4777
-0.5985,-3.2289,-11.9636
-3.7796,4.4046,4.6450
-0.0482,4.5393,12.0201
-4.6561,4.1486,2.1244
4.0932,-1.2984,3.1468
-2.4122,-4.8454,-20.1993
1.6252,4.2832,14.6864
-1.8829,-0.7182,-6.6606
0.2007,4.6665,14.1674
0.4671,4.6362,13.7884
-3.1515,3.5301,3.4882
4.6958,-2.0555,2.5702
2.7513,-1.1490,0.8550
4.3950,3.5114,18.4361
3.9483,-1.8308,1.4105
0.9790,-3.3051,-8.9084
4.2187,0.5680,8.7550
-4.1151,4.3615,3.8667
-3.0402,1.9603,-0.9504
-4.5477,0.7006,-7.2680
-1.7467,-4.0282,-16.0985
-1.1132,1.1501,1.3004
-2.2865,4.9005,8.7449
3.2874,-3.5992,-4.7866
-1.4325,0.1833,-3.2234
-2.1907,3.7737,7.0348
0.4270,2.4077,6.6728
-3.5908,1.9702,-2.6909
3.0220,2.0248,10.8188
-4.2545,-1.4051,-14.7862
4.8689,-2.0641,2.2826
2.7224,3.0936,13.3462
-3.0128,3.1011,2.3529
-4.9448,3.6707,0.2935
3.1546,4.1324,18.6445
2.0686,0.1134,3.9526
2.2901,0.0152,3.3372
2.7127,2.9830,12.9251
-4.2596,1.4996,-4.7742
-1.4153,2.0197,1.5682
-3.8413,2.9579,1.1069
3.6310,3.9001,18.5519
1.2330,-1.6200,-3.6288
-1.6910,-1.2442,-8.9711
-4.3644,-4.0602,-21.2324
-1.8902,0.7828,-2.4892
-1.7482,-4.6406,-17.7992
2.2961,-0.3440,1.7629
1.3756,0.4264,2.7308
3.8721,-2.1346,0.3431
-0.2779,0.9083,1.1928
-3.8041,-4.6950,-22.9181
2.1324,-4.6265,-10.3032
2.6079,3.2260,13.3599
0.6128,-1.3981,-4.0399
2.7097,-3.7294,-6.7087
-0.0620,0.2224,-0.1996
0.2273,2.6999,7.9103
-0.7246,-2.8418,-11.5369
-4.7458,1.2289,-7.5720
-3.9211,-4.1465,-20.6429
-4.6857,-4.4832,-23.6548
1.3641,0.3135,2.2946
-1.8564,0.4064,-2.7183
0.0857,1.3743,3.3521
4.0757,2.2609,14.5237
-2.5071,4.7585,8.2952
-0.8962,0.1630,-1.2730
2.5555,-1.7704,-0.3226
-2.7120,2.9519,2.3071
-4.2302,-2.2917,-15.8496
-2.1025,-0.6103,-6.7131
-3.3878,-4.2154,-19.7376
4.2970,-4.7465,-7.1280
3.0812,4.6265,19.3849
1.3340,3.3598,12.2767
3.7146,1.9597,11.4291
3.0367,-0.9105,1.7504
-3.1343,-3.2671,-18.0894
3.9256,-3.4356,-3.5904
0.3934,-2.4976,-7.3471
3.0744,0.4923,7.3768
3.9609,2.1460,13.3968
-1.8200,1.6020,0.9803
-3.8995,-2.2007,-16.0910
-2.7206,4.5487,6.3530
-0.7289,2.3790,4.6513
3.1801,0.5435,7.1829
3.6073,1.1172,9.5499
-4.9305,-0.8040,-14.3067
0.1075,-2.5227,-8.3977
-0.8259,-1.4403,-7.6248
-2.7789,2.5785,1.5124
-3.8013,-4.8561,-22.9876
-1.6238,-3.8393,-16.2355
4.4291,-4.5400,-6.0187
-1.7680,-4.5927,-18.8437
0.1879,3.5546,10.0083
2.0302,2.0366,9.6477
-1.3637,-0.2583,-4.9951
4.7178,-4.0217,-3.3773
4.6245,-0.0838,7.7323
-2.4822,-0.2653,-7.1566
-0.0275,-3.2680,-10.9125
-1.9912,-0.6615,-7.4845
-2.1516,-1.0150,-8.6249
-4.6311,1.1585,-7.3857
1.0956,1.3509,6.2265
0.0268,-4.5470,-14.5697
-4.4852,-1.2539,-14.0819
-2.2135,1.2586,-1.5443
4.0827,0.0314,7.2032
-2.6044,3.5649,4.3754
-3.5511,1.5869,-3.0342
-0.1055,-3.3707,-10.9442
4.8565,-4.2943,-4.4352
-2.5794,1.4242,-2.1742
1.7214,-4.7349,-11.8995
2.6162,0.8578,5.6547
-2.6236,4.4023,6.2021
2.2822,0.7547,6.5120
-1.3222,-1.1183,-6.1768
1.3231,1.4329,5.8202
1.3353,-0.4175,0.7065
0.3577,0.4562,1.2396
-4.0971,4.4146,5.5892
3.3530,-1.1390,2.8489
-1.7922,4.6119,9.1874
-3.1348,4.0535,4.4131
-4.5922,-3.0421,-20.1140
0.9089,-4.3064,-11.9996
1.7756,-3.9922,-9.8035
-4.8341,-4.8178,-25.8327
0.1209,-4.0556,-13.2481
-2.7350,1.8301,-1.5207
1.4517,-4.2881,-10.1173
-3.2563,-1.8102,-12.5026
1.9094,3.4488,13.1610
-1.1326,-4.7673,-16.8272
4.3673,3.1447,17.2073
-3.6248,-2.1815,-15.2246
-1.5893,-3.8184,-14.8722
-3.8653,1.9674,-2.5590
4.2469,1.2894,10.8435
3.7734,3.7747,17.7758
-2.4206,2.3507,0.7732
1.5998,3.0348,10.6127
3.1722,-2.1797,-0.7314
0.5520,-3.2256,-8.6181
0.2965,2.5061,6.4122
-2.5815,3.0683,3.3236
-4.0690,4.9051,5.2519
3.9722,-0.8738,4.0793
4.0042,-1.2798,2.8727
1.3310,2.7641,9.5224
-1.6097,-1.5920,-8.9710
-1.5079,4.3076,8.4914
2.2596,3.5841,14.4067
3.9711,-0.7101,4.7869
3.8709,2.5087,14.1484
2.7988,2.5454,11.7800